LABEL,Date,Source,Title,Description
cashless,2023-01-30,None,What You Need to Know About Annuity Withdrawals,Even though we re living in an increasingly cashless world there are still times when you need to withdraw cash Case in point my local coffee shop is cash only That means
cashless,2023-01-11,None,How This Digital Currency Will Transform The World and Benefit Cashless Societies,Despite common misconceptions CBDCs offer unique value as vehicles for financial reform capable of improving the lives of those who need it most
cashless,2023-02-06,None,Ukrainians endure grim winter as Russia destroys infrastructure in maps,Humanitarian crisis unfolding amid freezing weather energy grid damage and displaced and vulnerable population ul li Russia Ukraine war latest news updates li ul Ukraine has faced temperatures as low as 20C this winter at the same time as dealing wit
cashless,2023-01-22,None,Big Issue struggling to stay afloat amid cost of living crisis says founder,John Bird calls on government to curb surge in homelessness by preventing eviction of tenants who cannot pay their rentThe Big Issue narrowly avoided going bust during the pandemic its founder has said as sales continue to be hit by the cost of living crisi
cashless,2023-01-27,al-jazeera-english,Nigeria launches domestic card scheme to boost cashless economy,The move is part of the central bank s moves to reduce cash flow within the borders of Africa s biggest economy
cashless,2023-01-20,None,4 Trends All Small Business Owners Should Be Aware of in 2023,Here are four trends shaping the small business landscape to be aware of as you implement your plans throughout the year
cashless,2023-01-25,None,How Digital Payments Are Disrupting Our Entire Ecosystem,The payments ecosystem is in the midst of disruption driving digital transformation into companies across all sectors and industries
cashless,2023-01-17,None,NSW treasurer refuses to say if 1 000 a day pokies spending cap is too high as he ridicules Labor policy,Key independent MP calls for a 100 daily limit as Coalition comes under pressure to release details of its cashless gaming card ul li Get our morning and afternoon news emails free app or daily news podcast li ul The New South Wales treasurer Matt Kean
cashless,2023-01-23,None,Thank You for Your Reservation,Shouts Murmurs by Anand Giridharadas Your party must be complete emotionally to be seated No substitutions no takeout containers and food allergies be damned
cashless,2023-01-06,None,NSW minister questions cashless poker machine proposal backed by Dominic Perrottet,David Elliott says Nationals MPs also sceptical and warns against demonising one sort of gambling ul li Get our morning and afternoon news emails free app or daily news podcast li ul Dominic Perrottet is facing pushback from within his own ministeria
cashless,2023-01-20,None,NSW Coalition split on cashless gaming as independent warns against regional exemptions,Premier Dominic Perrottet rules out different rules for clubs and pubs in the bush in contrast to deputy premier Paul Toole ul li Get our morning and afternoon news emails free app or daily news podcast li ul The New South Wales Coalition appears split
cashless,2023-02-05,None,All pokies in NSW to go cashless to tackle problem gambling under new Coalition plan,Premier Dominic Perrottet has been under pressure to announce gambling industry reform as election looms ul li Get our morning and afternoon news emails free app or daily news podcast li ul Every poker machine in New South Wales will be cashless within f
cashless,2023-01-19,None,Regional exemptions on the cards for NSW government s cashless gaming scheme,Transition period that excludes non metropolitan pokies being considered after concerns raised by Nationals ul li Get our morning and afternoon news emails free app or daily news podcast li ul The Perrottet government is likely to include carveouts for r
cashless,2023-01-30,None,New ClubsNSW pokies measures not enough to stop cashless gaming Dominic Perrottet says,Tim Costello says clubs lobby s gambling code which includes three hour welfare checks is too little too late ul li Follow our Australia news live blog for the latest updates li li Get our morning and afternoon news emails free app or daily news podca
cashless,2023-01-30,None,They just lost my business that day Councilmember wants to ban cashless businesses in Detroit WDIV ClickOnDetroit,It s a trend that is not slowing down as new numbers show 80 of people prefer paying with cards instead of cash It s even led many small businesses to ditch accepting cash altogether but that s not sitting well with one Detroit council member
cashless,2023-01-16,None,NSW Labor s moves on poker machine reform renew pressure on Dominic Perrottet experts say,Call for detail on proposed cashless gaming scheme as questions raised about opposition s pledge ul li Get our morning and afternoon news emails free app or daily news podcast li ul Labor s pledge to ban political donations from pubs and clubs in New Sou
cashless,2023-01-16,None,NSW Labor promises to ban political donations from clubs amid fight over poker machines,Opposition leader Chris Minns pledges to reduce number of machines as Dominic Perrottet hits out at Bob Carr ul li Follow our Australia news live blog for the latest updates li li Get our morning and afternoon news emails free app or daily news podcast l
cashless,2023-01-27,None,Everything Evanston City Council Rapid Recap talks ARPA funding Daily Northwestern,This week Everything Evanston s Rapid Recap of City Council includes discussions of ARPA funding and a new ordinance banning cashless businesses We also dive into a story on the new environmental justice investigation initiative in Evanston music MIKA
cashless,2023-02-06,None,Australia s biggest state unveils plan for cashless poker machines,The leader of Australia s most populous state on Monday unveiled a plan to make all poker machines cashless within five years to fight money laundering and
cashless,2023-01-12,None,Your Credit Card Might Not Be Accepted Abroad Here s How To Pay,While many businesses across the U S have moved to a cashless payment system almost all will accept a credit card swipe or tap But this isn t the case
cashless,2023-01-26,None,Nigeria launches domestic card scheme in cashless bid,Nigeria s central bank on Thursday launched a domestic card scheme to rival foreign cards like Mastercard and Visa hoping to enhance its drive to make
cashless,2023-02-05,None,Huge change coming to pokies in Australia,Every poker machine in NSW will be cashless within five years under an ambitious plan to overhaul the gaming industry
cashless,2023-01-30,None,ROLLING HILLS CASINO RESORT TO DEPLOY ACRES CASHLESS CASINO APPLICATION,Acres Manufacturing Company Acres or the Company a leading casino loyalty and technology innovator announced today that Rolling Hills Casino Resort
cashless,2023-02-04,None,CORE Cashless Notifies Individuals of Data Security Incident,On or about July 28 2022 CORE Cashless became aware of a compromise to its environment which may have resulted in the inadvertent exposure of sensitive
cashless,2023-02-05,abc-news-au,NSW cabinet agrees to introduce cashless poker machines within five years,The NSW Coalition government settles on policy to introduce cashless gaming cards and poker machines after months of tension and debate ahead of the state election
cashless,2023-02-03,None,The John Barilaro factor former NSW deputy premier becomes focal point in state campaign,New auditor general report highlights Barilaro s office created rules for a grants program that saw Labor electorates miss out entirely ul li Follow our Australia news live blog for the latest updates li ul ul li Get our morning and afternoon news email
cashless,2023-01-22,breitbart-news,Chicago Mayor Lori Lightfoot Suggests Street Vendors Go Cashless to Stop Theft,Democrat Chicago Mayor Lori Lightfoot suggested that street vendors start going cashless in order to prevent robberies
cashless,2023-02-01,None,Kenya Kenya Railways Goes Cashless Starting Today,Capital FM Nairobi The Kenya Railways has phased out the use of cash in paying for tickets at all the Madaraka Express stations
cashless,2023-02-03,abc-news-au,Peter Dutton linked the end of the cashless debit card to crime in Alice Springs What are the facts,Peter Dutton linked the end of the cashless debit card to increasing crime in Alice Springs But there s one major problem with his claim
cashless,2023-02-06,None,Poker machine changes NSW Premier Dominic Perrottet will make pokies cashless by 2028,Every poker machine in New South Wales will be cashless within five years under an ambitious plan to overhaul the gaming industry which has warned of job losses and significant costs
cashless,2023-01-24,None,The SAFE Banking Act s Potential Impact On The Marijuana Industry,The SAFE Banking Act was not approved by Congress in December leaving communities at risk of crime and forcing cannabis businesses to operate solely with cash
cashless,2023-01-21,None,Going cashless Norway s digital currency project raises privacy questions,The experimental phase of the Norwegian CBDC will last until June 2023 and end with recommendations from the central bank on whether the implementation of a prototype is necessary
cashless,2023-01-27,None,Nigeria Nigeria Launches Domestic Card Scheme in Cashless Bid,Premium Times Mr Emefiele said the establishment of the card scheme is in line with global trends
cashless,2023-01-23,None,Going Cashless Norway s Digital Currency Project Raises Privacy Questions,All Global Research articles can be read in 51 languages by activating the Translate Website button below the author s name To receive Global Research s Daily Newsletter selected articles click here Follow us on Instagram and Twitter and subscribe to our
cashless,2023-01-07,None,King County Councilmember wants to require businesses to accept cash MyNorthwest,Many businesses have switched to taking cards only but a King County Council measure would require some businesses to accept cash payments
cashless,2023-01-16,abc-news-au,Pokie input limits VIP Lounge signs banned in NSW if Labor wins election,NSW Labor will reduce the amount of poker machines across the state introduce a cash input limit of 500 and ban VIP lounge signs if elected in March
cashless,2023-01-27,None,Coca Cola Movistar y Santander son las tres marcas m s asociadas al patrocinio deportivo en Espa a,Un 35 de las marcas patrocinadoras afirman que aumentar n en 2023 su inversi n en derechos de patrocinio seg n el Bar metro de Patrocinio Deportivo elaborado por SPSG Consulting La entrada Coca Cola Movistar y Santander son las tres marcas m s asociadas
cashless,2023-01-23,None,Nigeria CBN Appeals to Akwa Ibom Residents to Return Old Naira Notes Before January 31 Deadline,Vanguard The Central Bank of Nigeria CBN has made further appealed to Akwa Ibom state residents to return the old notes of N1000 N500 and N200 to the banks before January 31 2023 when they would be phased out of circulation completely
cashless,2023-01-24,None,Digital Tipping Provider eTip Partners with Visa to Modernize Tipping for Hospitality and Service Industries,With eTip guests of hotels cruise lines casinos and resorts can now tip staff by simply scanning or tapping a QR code allowing hospitality and service
cashless,2023-01-17,None,Tasmanian RSL clubs ban pokies,Pots parmigianas and pokies are often associated with RSL clubs but there will no longer be any poker machines in one Aussie state from the middle of the year
cashless,2023-01-11,None,Rise of online payments accelerates march to cashless society,Former magazine editor Kaysinee Sutthavarangkul never used to give much thought to making cashless payments as it seemed unlikely to her that every transaction could be made online But she has changed her buying behaviour since the pandemic
cashless,2023-01-26,None,Nigeria launches domestic card scheme in cashless bid,ABUJA Nigeria s central bank on Thursday Jan 26 launched a domestic card scheme to rival foreign cards like Mastercard and Visa hoping to enhance its drive to make Africa s biggest economy a cashless society and save the country foreign transaction fees
cashless,2023-01-17,None,Lowell Curtis Cleaners Laundry goes high tech WOODTV com,Curtis Cleaners Laundry off Main Street in Lowell rolled out new washers and dryers this month that can be operated through a mobile app
cashless,2023-02-02,None,Facial Recognition In Schools Clever Tech Bad Bad Bad Implementation,Your kids are in high school between the ages of 11 and 18 and they need to be fed but when they get to the till or point of sale in the canteen their faces are scanned matched to a biometric pattern and the data is stored somewhere until they are 23
cashless,2023-01-14,None,Cashless transactions rise to N395tn,Cashless transactions in Nigeria rose by 42 05 per cent to hit N395 47tn in 2022 according to new data from the Nigeria Inter Bank Settlement System The new data revealed that Nigerians used cashless forms of payment to process N117 07tn more than the N278
cashless,2023-02-05,abc-news-au,The man aiming to return Labor to power in NSW after 12 years in the electoral wilderness,NSW Labor needs to pick up nine seats to win majority government and leader Chris Minns believes it s achievable He has seven weeks to convince the electorate
cashless,2023-01-18,None,Global Smart Vending Machines Markets 2017 2021 2022 2028 Increase in Demand for Self service Technology and the Implementation of IoT and AI Services,Dublin Jan 18 2023 GLOBE NEWSWIRE The Global Smart Vending Machines Market Size Segments Outlook and Revenue Forecast 2022 2028 by Product Type
cashless,2023-01-22,None,Global Smart Vending Machines Market Report 2022 A Highly Competitive Market with 200 Players,The Global Smart Vending Machines Market Size Segments Outlook and Revenue Forecast 2022 2028 by Product Type Machine Type Application Region report
cashless,2023-02-02,None,Officer father to be killed by released convicted felon Calif DA says Newsom has blood on his hands for warped criminal justice system,A California police officer and father to be was shot and killed this week by a convicted felon who was given early release from prison Fresno County District Attorney Lisa Smittcamp blamed Governor Gavin Newsom D for creating a warped criminal justice s
cashless,2023-01-29,None,Federal government pushing for opt out alcohol restrictions in NT minister reveals,Malarndirri McCarthy foreshadows critical moment for NT government signalling a further toughening of curbs ul li Follow our Australia news live blog for the latest updates li li Get our morning and afternoon news emails free app or daily news podcast
cashless,2023-01-20,None,RSLs across Australia urged to follow Tasmania and cut ties with pokies,Tasmanian state branch chief executive says the move is about protecting veterans from gambling harm ul li Follow our Australia news live blog for the latest updates li li Get our morning and afternoon news emails free app or daily news podcast li ul A
cashless,2023-01-09,None,A Cashless Society Is Here Next Comes The CBDC Totalitarian Control,The United States was already largely cashless in 2022 Around two thirds of Americans didn t use any cash at all last year As this becomes a reality next comes the central bank digital currencies and with them totalitarian control of every single human be
cashless,2023-01-26,None,Cashless Society Big Banks Prepare To Launch Digital Wallet To Compete With Apple Pay And PayPal,Major US banks including Wells Fargo Bank of America JPMorgan and others will push into the digital wallet space in the second half of this year to take on Apple Pay and PayPal
cashless,2023-01-27,None,KTM Komuter to run 24 hours 3D2N for Thaipusam,KTM has announced that its Komuter trains will run for 24 hours over a three days and two nights period for the upcoming Thaipusam festival Yes non stop trains to Batu Caves the iconic home of The post KTM Komuter to run 24 hours 3D2N for Thaipusam a
cashless,2023-01-23,None,Nigeria CBN Harps On Adoption of Digital Banking Channels Moves Against Banks Loading Old Notes,This Day With seven days to the January 31 2023 deadline for the phasing out of the old N200 N500 and N1 000 banknotes the Central Bank of Nigeria CBN at the weekend reiterated the need for bank customers to embrace its cashless policy and the use of
cashless,2023-02-05,None,Embrace cashless policy Okowa directs govt agencies,The Delta State Governor Dr Ifeanyi Okowa has directed all government agencies in the state particularly hospitals to embrace a full cashless policy to mitigate the sufferings of the masses The governor gave the directive in view of the hardship caused
cashless,2023-01-26,None,2 Stocks Warren Buffett Should Buy in 2023,These stocks could be an excellent fit for Berkshire Hathaway s portfolio
cashless,2023-01-11,None,If You Like Dividends You Should Love These 3 Stocks,From growth to value these companies reward shareholders handsomely
cashless,2023-01-06,None,Is PayPal Stock a Buy,This fintech disruptor has come to dominate electronic payments
cashless,2023-01-12,None,3 Stocks I Will Never Sell,These wonderful companies will be in my portfolio for a very long time
cashless,2023-01-17,None,Physical Wallets Are Shrinking in Relevance in UK Claims Survey Commissioned by Mastercard,A convenient finding given Mastercard is in the process of piloting a biometric authenticated payments system in the UK after first testing the system in Brazil the Middle East and Asia
cashless,2023-01-22,None,Nigeria New Naira Notes Clerics Commend CBN Charges Bank to Increase Awareness,Leadership The Central Bank of Nigeria CBN has been commended for taking measures to strengthen the value of the Naira especially the recent redesigning of the higher denominations of the banknotes
cashless,2023-02-06,None,Hope PSBank launches cashless initiative,A digital bank Hope PSBank a Unified Payment Services Limited subsidiary has commenced a community inclusion initiative to support the Central Bank of Nigeria s naira redesign policy Speaking at a press conference to unveil the initiative on Friday the M
cashless,2023-02-05,None,Canada s largest food and drink festival is coming to Toronto,During these cold winter months it can be hard to find something to look forward to Then again what better way to escape these winter blues than with three days of indulging in delicious food and drinks T O Food and Drink Fest is back and ready to suppl
cashless,2023-01-09,None,Adoption of Innovative Solutions to Push Commercial Laundry Market to Reach USD 1 83 Billion by 2028,The commercial laundry market was valued at USD 1 40 billion in 2021 and it is expected to reach a value of USD 1 83 billion by 2028 at a CAGR of 3 40
cashless,2023-01-17,independent,Banking customers withdrew 83bn from ATMs in 2022 says Link network,The number of fee charging ATMs fell last year Link said
cashless,2023-02-01,None,Hokies baseball presents 2023 English Field visitors guide VT hokiesports com,One week away from opening single game ticket sales to the public Feb 8 the Virginia Tech baseball program is proud to present its 2023 visitors guide to English Field at Atlantic Union Bank Park as the Hokies look forward to creating many memorable ballp
cashless,2023-01-24,None,Should You Invest in Verra Mobility Corporation VRRM,Tourlite Capital Management an investment management company released its fourth quarter 2022 investor letter A copy of the same can be downloaded here
cashless,2023-02-05,abc-news-au,An unintentional text message from Paul s daughter saved his life from a silent epidemic,New analysis describes gambling as Western Sydney s silent epidemic It s an issue that nearly cost Paul everything
cashless,2023-01-23,abc-news-au,David Elliott has no regrets for warning premier about looming Nazi costume scandal,The NSW transport ministers field questions over Dominic Perrottet s birthday party scandal for the first time after he was revealed as the cabinet colleague who called the premier
cashless,2023-01-26,None,Panda euro cash Il Grillo parlante padre dei Cinque Stelle,Tutto e il contrario di tutto anche in un solo giorno il comico prestato alla politica ha cambiato posizione continuamente dall economia alla medicina passando per la Tav Come quando incontr il Dalai Lama garantendo appoggio al Tibet e poi promise di ma
cashless,2023-01-27,None,Grazzy Raises 4 3 Million for Hotel Digital Tipping Fintech Platform,MyInterview wants to help the hospitality industry recruit employees and Grazzy wants to help retain them Justin Dawes
cashless,2023-01-28,None,6 Surprising New Developments In Travel Insurance That Will Change The Way You Plan Your Next Trip,Travel insurance is changing in surprising ways It s becoming more customized covering more events and paying claims faster Here s what to expect
cashless,2023-01-11,None,Uganda Billions Collected in First Year of Tolling Kampala Entebbe Expressway,Nile Post Government has collected at least shs34 billion in the first year of tolling the Kampala Entebbe Expressway the operation and maintenance contractor Egis Road Operation has said
cashless,2023-01-22,None,Going Cashless Norway s Digital Currency Project Raises Privacy Questions,By David Attlee At this point the test network for the Norwegian CBDC uses not the public Ethereum ecosystem but a private version of the Going Cashless Norway s Digital Currency Project Raises Privacy Questions
cashless,2023-01-30,None,Disrupting the consumption landscape Key tech trends in the F B YourStory,Contactless hygiene focused quick and convenient services are in demand more than ever before This has led to the rise of several tech driven options for businesses to adopt and evolve
cashless,2023-01-09,None,OVO is a having massive warehouse sale in Toronto,Calling all hypebeasts and lovers of a good deal OVO is having a massive warehouse sale in Toronto From the latest shoes to accessories the Toronto based brand has got you covered head to toe with thousands of items Get your wallets ready for some of th
cashless,2023-01-12,abc-news-au,NSW Premier digs in amid revelation costume leak came from Liberal colleague,NSW Premier Dominic Perrottet says he remains confident in his political position as a storm sparked by revelations he wore a Nazi uniform to his 21st birthday party intensifies
cashless,2023-02-04,None,Naira redesign affecting military operations Ndume,The Chairman of the Senate Committee on Army Senator Muhammadu Ndume has raised an alarm over the grave impact of the naira redesign and the cashless policy on the operations of troops at the front line Naira redesign and the CBN s cashless policy are act
cashless,2023-01-30,None,Nigeria Just in Naira Redesign Kano Govt Ready to Host Buhari After Extension of Deadline,Premium Times Mr Ganduje said Kano State is now prepared to receive the President
cashless,2023-01-27,None,GCash to be available as Grab payment option this Feb,Mobile wallet GCash has announced that they have partnered with Grab Philippines to soon provide Grab customers access to GCash as a direct payment The post GCash to be available as Grab payment option this Feb appeared first on YugaTech Philippines Tech
cashless,2023-02-02,None,Walmart Responds to Rumor It s Charging for Carts,A person in a TikTok video that had millions of views said Starting Feb 1 Walmart is going to charge you a dollar to take out their carts
cashless,2023-01-12,None,Transport minister called Dominic Perrottet to warn rivals knew premier had worn Nazi uniform,Outgoing MP David Elliott told NSW premier earlier this week that everyone had heard the rumour that someone was planning to use it against him ul li Get our morning and afternoon news emails free app or daily news podcast li ul The New South Wales tra
cashless,2023-02-01,None,PM says no easy off the shelf solutions to unrest in Alice Springs,NT chief minister Natasha Fyles says ballots in communities on alcohol bans an option as regional controller hands down report on crisis ul li Follow our Australia news live blog for the latest updates li li Get our morning and afternoon news emails free
cashless,2023-01-13,None,Why now Inside Dominic Perrottet s plea for voters forgiveness over his Nazi outfit,Analysis Someone in the NSW premier s own corner seems determined that he should pay for his 21st birthday mistake ul li Follow our Australia news live blog for the latest updates li li Get our morning and afternoon news emails free app or daily news pod
cashless,2023-01-23,None,Reshaping Access To Financial Services 3 Things To Seek In An Embedded Finance Solution,Here are three things brands should seek in an embedded finance solution
cashless,2023-01-17,None,UAE Buy Now Pay Later Industry Outlook Report 2022 2027 Adoption of Cashless Society Increasing Genz Millennials Population Shifting Preference Towards Easy Interest Free Extra Credit ResearchAndMarkets com,DUBLIN BUSINESS WIRE The UAE Buy Now Pay Later Industry Outlook to 2027 report has been added to ResearchAndMarkets com s offering UAE BNPL market expanded with substantial growth in between 2017 and 2022 with massive expansion in the adoption of BNPL
cashless,2023-02-02,None,CBN cashless policy causing hardship for citizens Bello,The Niger State governor Abubakar Bello has stated that the Central Bank of Nigeria s cash policy and redesigning of the naira have brought untold hardship to the people Bello made this known in a statement issued by the Secretary of the State Government
cashless,2023-02-05,None,Cashless Poor network stalls sales in Lagos traders groan,The poor mobile service network at the Lagos International Trade Fair Complex that houses three markets in Lagos on Saturday stalled commerce as traders complained of inability to transfer cash online The traders who spoke with the News Agency of Nigeria
cashless,2023-01-27,None,GPS adds two payments veterans to c suite,Global Processing Services GPS a fast growing next gen global payments technology platform today announced the appointment of Jim McCarthy as Executive Vice President Global Head of Sales and Product and Kevin Fox as the company s new Chief Revenue O
cashless,2023-01-11,None,Labor s gambling policy weak but politically smart expert says,The issue of cashless pokie cards has made the NSW premier an unlikely union ally while Labor has become aligned with the Nationals The post Labor s gambling policy weak but politically smart expert says appeared first on Crikey
cashless,2023-01-26,None,COME ZOMPA GRILLO IL BEPPE MAO CHE INVOCA LA SOCIET CASHLESS LO STESSO CHE DIECI ANNI FA DIFENDEVA IL CONTANTE SOLO L ULTIMA DELLE MOLTE GIRAVOLTE DELL ELEVATO DI TORNO CHE DISTRUGGEVA I COMPUTER E POI HA FONDATO UN MOVIMENTO SUL WEB INCONTRAVA IL DALAI LAMA E SI SCOPERTO DIFENSORE DEL REGIME CINESE PRIMA ATTACCAVA LA CASTA E ORA PRENDE 300MILA EURO DI COMPENSO COME CONSULENTE,Estratto dell articolo di Emanuele Buzzi per Sette Corriere della Sera GIUSEPPE CONTE BEPPE GRILLO L ultima crociata gi targata 2023 L invettiva chiara netta come sua consuetudine Stavolta Beppe Grillo si spende in favore di una societ cashles
cashless,2023-01-30,None,Toronto bakery s start to new year keeps getting worse,A Toronto bakery has had a terrible start to its new year with two break ins within one month It s an extra blow for Asian influenced Millie Desserts whose break ins have happened during the New Year and Lunar New Year season and owner Christinn Hua is und
cashless,2023-01-26,None,KTM Komuter to offer more train services to Batu Caves from Feb 4 6 for Thaipusam,KTM Komuter to offer more train services to Batu Caves from Feb 4 6 for Thaipusam Read full story
cashless,2023-01-23,None,The curious case of stalling internet growth in India,Rising smartphone prices have led to internet growth slowing in the world s second largest mobile market
cashless,2023-01-26,None,El patrocinio deportivo ha consolidado su recuperaci n proyect ndose hacia el futuro de forma positiva y sostenida,PuroMarketing Rafael Nadal Pau Gasol y Fernando Alonso siguen siendo los deportistas espa oles con mejor imagen mientras que Leo Messi Cristiano Ronaldo y Roger Federer siguen tambi n siendo los deportistas internacionales preferidos M s all de la visib
cashless,2023-01-23,None,Cashless Society Big Banks Prepare To Launch Digital Wallet To Compete With Apple Pay And PayPal,By Tyler Durden Major US banks including Wells Fargo Bank of America JPMorgan and others will push into the digital wallet space in the second Cashless Society Big Banks Prepare To Launch Digital Wallet To Compete With Apple Pay And PayPal
cashless,2023-01-18,None,Morally bankrupt gambling reformist blasts Labor over pokie policy,Independent federal MP Andrew Wilkie sees echoes of his fallout with Julia Gillard in 2012 in this year s NSW election campaign The post Morally bankrupt gambling reformist blasts Labor over pokie policy appeared first on Crikey
cashless,2023-01-30,None,MyCC says MLFF toll system implementation allows users to use any payment method no TnG monopoly,The Malaysia Competition Commission MyCC has said in a recent release that upon implementation of the multi lane free flow MLFF toll system highway users will be able to use any digital mode of payment hence The post MyCC says MLFF toll system imple
cashless,2023-01-17,None,ATM withdrawals rise for the first time in five years as cash use soars,Increase hailed as evidence people may be returning to pre Covid habits
cashless,2023-02-07,smh,Premier wants Victoria on board as leaves door open to expanding pokies plan,Premier Dominic Perrottet is open to buying back more poker machines than previously announced
cashless,2023-02-07,crikey,Perrottet s gambling reform plan is good but not good enough independents,The NSW Coalition s initiative won t see poker machine reform until after the 2027 election and that s not soon enough say crossbench hopefuls The post Perrottet s gambling reform plan is good but not good enough independents appeared first on Crikey
cashless,2023-02-07,businessday,Afrigo How the new domestic card by CBN will drive SME growth,The Central Bank of Nigeria CBN in conjunction with the Nigeria Inter Bank Settlement System Plc NIBSS recently introduced the card scheme known as AFRIGO In order to enable cardholders to use their payment cards to make purchases and access cash at businesses around the world payment networks and financial institutions form a system known as read more Afrigo How the new domestic card by CBN will drive SME growth
cashless,2023-02-07,businessday,Behold old notes are passing away,It is very likely that anyone who has lived long enough in Nigeria knows that any policy that is politically motivated will not work satisfactorily It is because most times politics as a profession in Nigeria operates on deception orchestrated by the political elites But let s think about the new Naira notes What kind of read more Behold old notes are passing away
cashless,2023-02-06,sapo,Su os chamados a votar sobre sociedade cashless,Os cidad os su os v o poder votar num referendo para que a economia nunca fique sem dinheiro f sico ou seja notas e moedas segundo anunciou um grupo de press o depois de recolher 111 mil assinaturas que s o suficientes para desencadear uma vota o popular sobre o assunto O objetivo do movimento Free Switzerland Movement FBS adicionar
cashless,2023-02-06,thisdaylive,Naira Redesign Three States Seek Supreme Court s Intervention,Want FG stopped from banning old naira notes from February 10 Alex Enumah in Abuja Three states from the northern part of Nigeria has approached the apex court to stop
cashless,2023-02-06,hallmarknews,Currency Change Matters Arising,Having been fully engaged through television appearances on both Arise Television and Nigerian Television Authority NTA to discuss the currency change and having been actively involved on the social media as we exchanged views with many compatriots not forgetting also the value of personal experience I thought it wholesome to present herewith my impression of
cashless,2023-02-06,dailynigerian,Cash crunch Obaseki backs Nigerian govt policy on cashless economy,Governor Godwin Obaseki of Edo on Monday called on Nigerians to support the Federal Government s cashless policy describing it as the best for the banking sector Mr Obaseki made the call shortly after a closed door meeting with officials of the Central Bank of Nigeria CBN and senior management of banks in Benin Mr Obaseki noted The post Cash crunch Obaseki backs Nigerian govt policy on cashless economy appeared first on Daily Nigerian
cashless,2023-02-06,thewest,Casual gamblers could be lost under pokies reform,The NSW government s plan to implement cashless gaming across the state within the next five years has been met with industry concerns
cashless,2023-02-06,independentng,Obaseki Meets CBN Officials Other Stakeholders To Address Naira Crunch In Edo,The Edo State Governor Mr Godwin Obaseki on Monday met with the officials of the Central Bank of Nigeria CBN and Senior Executives of banks in the state to proffer a lasting solution to the cash crunch in the state and country Obaseki while addressing journalists after the closed door meeting at the Government House Benin
cashless society,2023-01-11,None,How This Digital Currency Will Transform The World and Benefit Cashless Societies,Despite common misconceptions CBDCs offer unique value as vehicles for financial reform capable of improving the lives of those who need it most
cashless society,2023-01-27,al-jazeera-english,Nigeria launches domestic card scheme to boost cashless economy,The move is part of the central bank s moves to reduce cash flow within the borders of Africa s biggest economy
cashless society,2023-01-25,None,How Digital Payments Are Disrupting Our Entire Ecosystem,The payments ecosystem is in the midst of disruption driving digital transformation into companies across all sectors and industries
cashless society,2023-01-26,None,Nigeria launches domestic card scheme in cashless bid,Nigeria s central bank on Thursday launched a domestic card scheme to rival foreign cards like Mastercard and Visa hoping to enhance its drive to make
cashless society,2023-01-11,None,Rise of online payments accelerates march to cashless society,Former magazine editor Kaysinee Sutthavarangkul never used to give much thought to making cashless payments as it seemed unlikely to her that every transaction could be made online But she has changed her buying behaviour since the pandemic
cashless society,2023-01-26,None,Cashless Society Big Banks Prepare To Launch Digital Wallet To Compete With Apple Pay And PayPal,Major US banks including Wells Fargo Bank of America JPMorgan and others will push into the digital wallet space in the second half of this year to take on Apple Pay and PayPal
cashless society,2023-01-09,None,A Cashless Society Is Here Next Comes The CBDC Totalitarian Control,The United States was already largely cashless in 2022 Around two thirds of Americans didn t use any cash at all last year As this becomes a reality next comes the central bank digital currencies and with them totalitarian control of every single human be
cashless society,2023-02-06,None,Poker machine changes NSW Premier Dominic Perrottet will make pokies cashless by 2028,Every poker machine in New South Wales will be cashless within five years under an ambitious plan to overhaul the gaming industry which has warned of job losses and significant costs
cashless society,2023-01-26,None,Nigeria launches domestic card scheme in cashless bid,ABUJA Nigeria s central bank on Thursday Jan 26 launched a domestic card scheme to rival foreign cards like Mastercard and Visa hoping to enhance its drive to make Africa s biggest economy a cashless society and save the country foreign transaction fees
cashless society,2023-02-03,abc-news-au,Peter Dutton linked the end of the cashless debit card to crime in Alice Springs What are the facts,Peter Dutton linked the end of the cashless debit card to increasing crime in Alice Springs But there s one major problem with his claim
cashless society,2023-01-12,None,3 Stocks I Will Never Sell,These wonderful companies will be in my portfolio for a very long time
cashless society,2023-01-17,None,UAE Buy Now Pay Later Industry Outlook Report 2022 2027 Adoption of Cashless Society Increasing Genz Millennials Population Shifting Preference Towards Easy Interest Free Extra Credit ResearchAndMarkets com,DUBLIN BUSINESS WIRE The UAE Buy Now Pay Later Industry Outlook to 2027 report has been added to ResearchAndMarkets com s offering UAE BNPL market expanded with substantial growth in between 2017 and 2022 with massive expansion in the adoption of BNPL
cashless society,2023-02-02,None,Facial Recognition In Schools Clever Tech Bad Bad Bad Implementation,Your kids are in high school between the ages of 11 and 18 and they need to be fed but when they get to the till or point of sale in the canteen their faces are scanned matched to a biometric pattern and the data is stored somewhere until they are 23
cashless society,2023-01-23,None,Cashless Society Big Banks Prepare To Launch Digital Wallet To Compete With Apple Pay And PayPal,By Tyler Durden Major US banks including Wells Fargo Bank of America JPMorgan and others will push into the digital wallet space in the second Cashless Society Big Banks Prepare To Launch Digital Wallet To Compete With Apple Pay And PayPal
cashless society,2023-01-23,None,Reshaping Access To Financial Services 3 Things To Seek In An Embedded Finance Solution,Here are three things brands should seek in an embedded finance solution
cashless society,2023-01-30,None,Nigeria Just in Naira Redesign Kano Govt Ready to Host Buhari After Extension of Deadline,Premium Times Mr Ganduje said Kano State is now prepared to receive the President
cashless society,2023-02-06,None,Swiss to vote on preventing cashless society pressure group says,Swiss to vote on preventing cashless society pressure group says
cashless society,2023-01-17,None,ATM withdrawals rise for the first time in five years as cash use soars,Increase hailed as evidence people may be returning to pre Covid habits
cashless society,2023-01-27,None,GPS adds two payments veterans to c suite,Global Processing Services GPS a fast growing next gen global payments technology platform today announced the appointment of Jim McCarthy as Executive Vice President Global Head of Sales and Product and Kevin Fox as the company s new Chief Revenue O
cashless society,2023-01-23,None,Bankkantoor wordt zeldzaam verschijnsel,Steeds meer banken doeken hun fysieke filialen op omdat het geld kost en de behoefte eraan afneemt Dat zegt hoogleraar Monetaire Economie Casper de Vries van de Erasmus Universiteit Volgens De Vries hangt dit alles nauw samen met de onvermijdelijke komst va
cashless society,2023-02-06,None,Swiss to vote on preventing cashless society pressure group says,marketscreener com Swiss citizens will get the chance to try to ensure their economy never becomes cashless a pressure group said after collecting enough signatures by Monday to trigger a popular vote on the issue https www marketscreener com news lates
cashless society,2023-01-23,None,The curious case of stalling internet growth in India,Rising smartphone prices have led to internet growth slowing in the world s second largest mobile market
cashless society,2023-02-06,None,Swiss to vote on preventing cashless society pressure group says,Swiss citizens will get the chance to try to ensure their economy never becomes cashless a pressure group said after collecting enough signatures by Monday to trigger a popular vote on the issue The FBS Free Switzerland Movement says cash is playing a sh
cashless society,2023-02-06,None,Swiss to vote on preventing cashless society pressure group says,Reuters Swiss citizens will get the chance to try to ensure their economy never becomes cashless a pressure group said after collecting enough signatures by Monday to trigger a popular vote on the issue
cashless society,2023-02-06,None,Swiss to vote on preventing cashless society pressure group says,marketscreener com Swiss citizens will get the chance to try to ensure their economy never becomes cashless a pressure group said after collecting enough signatures by Monday to trigger a popular vote on the issue The FBS says cash is playing a shrinkin
cashless society,2023-02-06,None,Swiss to vote on preventing cashless society pressure group says,Swiss citizens will get the chance to try to ensure their economy never becomes cashless a pressure group said after collecting enough signatures by Monday to trigger a popular vote on the issue The FBS Free Switzerland Movement says cash is playing a sh
cashless society,2023-01-26,None,After a steady first 100 days choppier waters await Giorgia Meloni,Division and disunity could rock her boat
cashless society,2023-01-30,None,Bitcoin premium hits 60 in Nigeria as it limits ATM cash withdrawals,Bitcoin prices in Nigeria have skyrocketed as much as 60 above market value as the central bank imposes limits on cash withdrawals
cashless society,2023-01-30,None,Nigeria s cashless bid pushes Bitcoin premium to 63,None The Bitcoin premium has reached 63 in Nigeria None Restrictions on cash withdrawals paired with a push towards a cashless economy have led to an increase in demand for BTC The Central Bank of Nigeria s recent efforts to push its citizens towards a c
cashless society,2023-01-27,None,Nigeria launches domestic card scheme in cashless bid,marketscreener com Nigeria s central bank on Thursday launched a domestic card scheme to rival foreign cards like Mastercard and Visa hoping to enhance its drive to make Africa s biggest economy a cashless society and save the country foreign transaction f
cashless society,2023-01-30,None,Nigeria s cashless bid pushes Bitcoin premium to 63,The Bitcoin premium has reached 63 in Nigeria Restrictions on cash withdrawals paired with a push towards a cashless economy have led to an increase in demand for BTC The Central Bank of Nigeria s recent efforts to push its citizens towards a cashless soc
cashless society,2023-01-16,None,Payment Processing Solutions Market Size to Reach USD 150 21 Billion in 2030 Emergen Research,The payment processing solutions market size reached USD 46 81 Billion in 2021 and is expected to register a CAGR of 13 9 during the forecast period
cashless society,2023-02-06,None,The Malaysia BNPL Market is expected to contribute 3 0 Bn by 2027F owing to Entry of Global Players Partnerships and Changing Demographics Ken Research,Malaysia BNPL Market is at growing stage and has a consolidated market with about 5 6 major players capturing large portion of the market Atome is the
cashless society,2023-01-23,None,Cashless Society Big Banks Prepare To Launch Digital Wallet To Compete With Apple Pay And PayPal,Cashless Society Big Banks Prepare To Launch Digital Wallet To Compete With Apple Pay And PayPal Major US banks including Wells Fargo Bank of America JPMorgan and others will push into the digital wallet space in the second half of this year to take on
cashless society,2023-02-06,None,Cashless society Not in Switzerland where people will vote to keeping banknotes and coins forever,Swiss citizens will get the chance to try to ensure their economy never becomes cashless a pressure group said after collecting enough signatures on Monday to trigger a popular vote on the issue The Free Switzerland Movement FBS says cash is playing a sh
cashless society,2023-01-30,None,Bitcoin trades higher in Nigeria amid cashless economy drive,Bitcoin was trading at a premium in Nigerian cryptocurrency exchanges on Monday as the central bank continued its cashless society campaign which includes ATM withdrawal limits that took effect earlier this month See related article Weekly Market Wrap Bitc
cashless society,2023-02-06,None,Swiss citizens to vote on preventing cashless society pressure group says,Swiss citizens will get the chance to try to ensure their economy never becomes cashless a pressure group said after collecting enough signatures by Monday to trigger a popular vote on the issue The FBS Free Switzerland Movement says cash is playing a sh
cashless society,2023-01-27,None,Global Processing Services Appoints Former Visa Executive Jim McCarthy to Lead Global Sales and Product,LONDON BUSINESS WIRE financialservices Global Processing Services GPS a fast growing next gen global payments technology platform today announced the appointment of Jim McCarthy as Executive Vice President Global Head of Sales and Product and
cashless society,2023-01-22,None,Nigeria Naira Exchange Could Impact 54 2 Percent Unbanked Negatively Report,Leadership The Inclusion for all Initiative a multifaceted advocacy programme has suggested that Nigeria s most vulnerable groups could be adversely affected by the decision to require the exchange of old Naira notes for new notes through an existing bank
cashless society,2023-02-06,None,CSO calls for permanent solutions to naira fuel scarcity,Civil society group ActionAid Nigeria has called on the Central Bank of Nigeria and the Federal Government to proffer permanent solutions to the naira and fuel scarcity crises in the country The group made the call in a statement signed on Monday by its Co
cashless society,2023-02-01,None,Web3 could seize on the decades old software as a service business model,Web3 SaaS companies offer decades old business services reimagined in the Web3 environment and fresh data shows that the business world is open to trying new ways of doing old things
cashless society,2023-01-30,None,Bitcoin trades higher in Nigeria amid cashless economy drive,Bitcoin price was trading at a premium in Nigerian cryptocurrency exchanges on Monday following the central bank s limit on ATM cash withdrawals
cashless society,2023-01-30,None,Report Bitcoin trading at 38 000 in Nigeria as Africa s biggest economy in turmoil,Key Takeaways Bitcoin is trading at 38 000 in Nigeria a premium of 66 The Nigerian central bank has implemented ATM withdrawal limits of 43 per day in push towards a cashless society for Africa s biggest economy The central bank also announced a rival car
cashless society,2023-01-22,None,Five centuries of cashless transactions in Tiwa fair,JAGIROAD Assam Jan 22 PTI Cashless transactions have gained currency in recent years but barter existed long before it and is still being used by the Tiwa tribe in their annual trade fair for five centuries In the three day Jonbeel Mela which histor
cashless society,2023-01-18,None,7 Risks You re Taking by Not Having a Bank Account,According to the FDIC about 4 5 of U S households are unbanked as of 2021 While that s just a tiny percentage of the population it represents nearly
cashless society,2023-02-01,None,Bitcoin This Week Nigeria s 60 Premium Best January in 10 Years Macro Outlook,Bitcoin has performed exceptionally well in the first month of the year marking its second best January in the past decade
cashless society,2023-01-30,None,Report Bitcoin trading at 38 000 in Nigeria as Africa s biggest economy in turmoil,Key Takeaways Bitcoin is trading at 38 000 in Nigeria a premium of 66 The Nigerian central bank has implemented ATM withdrawal limits of 43 per day in push towards a cashless society for Africa s biggest economy The central bank also announced a rival car
cashless society,2023-02-06,None,Nigeria Naira Scarcity Peter Obi Calls for Calm Appeals to Nigerians to Bear With FG CBN,The presidential candidate of the Labour Party Mr Peter Obi has appealed to Nigerians to exercise patience with the federal government and Central Bank of Nigeria over the challenges associated with the circulation of the new banknote just as he appealed t
cashless society,2023-01-31,None,Bitcoin pumped 43 in January 2023 What to expect in February Watch The Market Report live,On this week s episode of The Market Report Cointelegraph s resident experts discuss what the second month of 2023 could potentially hold for Bitcoin
cashless society,2023-01-14,None,New naira Banks customers pressure CBN to shift Jan 31 deadline,The Central Bank of Nigeria may be under pressure to extend the deadline for old naira notes to cease being legal tender as bankers and customers push for the extension The old notes are expected to be out of circulation by January 31 yet there is scarcity o
cashless society,2023-02-04,None,What Are CBDCs Here s What the Central Banks Have Planned for You,An acronym that has recently been tossed around in an ominous whisper is CBDC What is it and how does it affect you CBDC stands for Central Bank Digital Currency and these are digital versions of a country s currency We ve talked a lot here on the Organi
cashless society,2023-01-23,None,Cashless Society Big Banks Prepare To Launch Digital Wallet To Compete With Apple Pay And PayPal,Major US banks including Wells Fargo Bank of America JPMorgan and others will push into the digital wallet space in the second half of this year to take on Apple Pay and PayPal Early Warning Services LLC EWS the bank owned company that operates the m
cashless society,2023-01-24,None,Stop giving your unwanted tech to older relatives It might not help as much as you think,Handing over your old phone to your older relatives is probably not the best way to get them online
cashless society,2023-01-11,None,Year 2022 Was Robbery Free For Denmark Banks Here s How,As the use of cash has decreased in recent years Denmark has had its first year without bank robberies
cashless society,2023-01-19,None,Why Many Americans Don t Think They Need a Bank Are They Right,For something as seemingly mundane as banking Americans are surprisingly split about the need for it according to a new survey Indeed the new Best Banks
cashless society,2023-01-30,None,Nigeria Uncertainty As Banks Grumble Over Inadequate Supply of New Naira Notes By CBN,Premium Times The scarcity of the new notes was also confirmed to this newspaper by bank managers of commercial banks in Lagos and Abuja
cashless society,2023-01-08,None,Cash ban can t be forced on foreign missions Ex diplomats,The United Kingdom High Commission in Nigeria has said it will comply with all directives from the Federal Government including the guidelines rolled out by the Nigerian Financial Intelligence Unit to curb money laundering and terrorism financing which also
cashless society,2023-01-12,None,RuPay Debit Cards and BHIM UPI,In News Union Cabinet gave its nod to the incentive scheme for the promotion of RuPay Debit Cards and low value BHIM UPI transactions About the scheme The scheme has a financial outlay of INR 2600 crore The decision will help in building a robust digital
cashless society,2023-02-06,None,The River,Since the election of a far right government in Italy in September Europe s debate over migration has flared up again Although it has no legal basis for doing so the new administration in Rome has been trying to impose a naval blockade against NGO vessels
cashless society,2023-01-12,None,Does spending in cash help you budget,Britain s biggest building society Nationwide says cash use is on the up bucking years of decline but can it really help in the cost of living crunch
cashless society,2023-01-15,None,Australia could be cashless by 2025 as shoppers turn to tap and go and paypass over notes coins,Independent payments market expert Lance Blockley has estimated that by 2025 traditional cash will make up less than 4 per cent of total retail purchases across Australia
cashless society,2023-01-07,None,Baba s Explainer Demonetisation Verdict,ARCHIVES Syllabus GS 3 Economy and issues relating to planning mobilization of resources growth development and employment GS 3 Money Laundering GS 2 Governance Context Recently Supreme Court in the majority opinion 4 1 upheld the government s dem
cashless society,2023-01-28,None,Cash Out,My relatively scant hair having grown into a porcupine type mess and having both a video podcast and a dinner party to attend on the same day I went to my barber to smarten myself up a little His is still a cash only business No doubt such businesses will
cashless society,2023-02-05,None,A matter of life and death,Women living in regional Australia die on average 19 years earlier than those living in cities and all poker machines in NSW could be cash free in five years The post A matter of life and death appeared first on Crikey
cashless society,2023-01-09,None,COVID 19 Pandemic Psychological Warfare,All Global Research articles can be read in 51 languages by activating the Translate Website button below the author s name To receive Global Research s Daily Newsletter selected articles click here Follow us on Instagram and Twitter and subscribe to our
cashless society,2023-01-23,None,Chicago mayor tells residents to stop using cash if they don t want to keep getting mugged,CHICAGO TND Chicago Mayor Lori Lightfoot has proposed a solution to end rampant crime in her city Stop using cash Lightfoot suggested those afraid of being mugged opt to use digital forms of payments instead During a debate for Lightfoot s upcoming rac
cashless society,2023-01-21,None,Buhari has failed to address herders problems MACBAN President,The new National President of the Miyetti Allah Cattle Breeders Association of Nigeria Baba Ngelzarma in this interview with GODFREY GEORGE speaks about endorsing a presidential candidate for the 2023 elections ranching and how politicians use cattle busi
cashless society,2023-02-06,None,The Malaysia BNPL Market is expected to contribute 3 0 Bn by 2027F owing to Entry of Global Players Partnerships and Changing Demographics Ken Research,GURUGRAM India Feb 6 2023 PRNewswire Malaysia BNPL Market is at growing stage and has a consolidated market with about 5 6 major players capturing large portion of the market Atome is the market leader The population of Malaysia is becoming more te
cashless society,2023-01-16,None,Payment Processing Solutions Market Size to Reach USD 150 21 Billion in 2030 Emergen Research,VANCOUVER B C Jan 16 2023 PRNewswire The payment processing solutions market size reached USD 46 81 Billion in 2021 and is expected to register a CAGR of 13 9 during the forecast period according to latest analysis by Emergen Research Rising gove
cashless society,2023-02-01,None,What Are CBDCs Here s What the Central Banks Have Planned for YOU,By Daisy Luther An acronym that has recently been tossed around in an ominous whisper is CBDC What is it and how does it affect What Are CBDCs Here s What the Central Banks Have Planned for YOU
cashless society,2023-02-06,None,The New Abnormal The Rise of the Biomedical Security State,In the video above I interview Dr Aaron Kheriaty author of The New Abnormal The Rise of the Biomedical Security State Kheriaty is a medical doctor and psychiatrist and worked as a professor in the School of Medicine at the University of California Ir
cashless society,2023-02-04,None,Tax saving guide The optimal tax saving instruments under old tax regime,In the Union Budget 2023 Finance Minister Nirmala Sitharaman announced significant adjustments to the new income tax regime including reduced tax rates and a tax rebate on annual income up to 7 lakh
cashless society,2023-01-16,None,DBS Foundation and IMDA kick off digital literacy partnership with 12 workshops island wide benefitting some 250 seniors,marketscreener com Singapore 14 Jan 2023 Some 250 seniors took part in digital literacy workshops held across 12 locations island wide today as the DBS Foundation and the Infocomm Development Authority of Singapore kicked off their joint efforts to dr
cashless society,2023-02-05,None,Arizona hospital on brink of collapse after spending 20 million on migrant care Nobody has a solution,Migrant patients are overwhelming a border town s sole hospital straining medical resources and placing the facility on the brink of collapse without sufficient funding to accommodate the influx of people Dr Robert Transchel the president and CEO of Yuma
cashless society,2023-01-26,cbc-news,Bills budgets and banking Saint John teacher preps students for the real world,A New Brunswick teacher is hoping to set up her middle schoolers for success when it comes to financial literacy
cashless society,2023-01-30,None,Wanted a Walter Hickel in FEC,Column Thinking about some of the problems of the moment reminded me of an old American political character that I think our leaders need at this moment and in the future There was this slim 1973 book called Watergate written by Lewis Chester and three co
cashless society,2023-01-06,None,How the Skins for Payment Cards on Google Pay and Apple Pay can Help to Increase Customers Payments Maksym Popov,Banking Industry New Generation New Requirements Customer habits in the banking industry are chang
cashless society,2023-01-30,None,Nigeria Many Benefits of Naira Redesign Cashless Policy,This Day In this piece James Emejo x rays the several opportunities that the Central Bank of Nigeria s currency redesign and cashless policy present to ordinary Nigerian and the economy in general
cashless society,2023-01-23,None,ATMS ditched by Westpac ANZ NAB and Commonwealth Bank as Australia moves to cashless society,New figures show ATMs across Australia have more than halved in five years from 13 814 in 2017 to 6412 in June 2022 as Westpac NAB ANZ and Commonwealth Bank ditch the cash machines
cashless society,2023-02-02,None,Naira Swap Bank Chiefs Challenge CBN On Quantity of New Notes,Leadership The cash crunch that hit most banks in the country since Monday January 30 2023 continued yesterday as banks said they have not been getting enough cash from the Central Bank of Nigeria CBN to disburse to their customers
cashless society,2023-01-31,None,Nigeria Osinbajo Backs Push for Cashless Economy Says It Will Curb Illicit Election Financing,This Day The vice president Prof Yemi Osinbajo has declared that the drive for a cashless policy in the country would go a long way to curb illicit election financing in the country
cashless society,2023-01-16,None,Payment Processing Solutions Market Size to Reach USD 150 21 Billion in 2030 Emergen Research,VANCOUVER B C Jan 16 2023 PRNewswire The payment processing solutions market size reached USD 46 81 Billion in 2021 and is expected to register a CAGR of 13 9 during the forecast period according to latest analysis by Emergen Research Rising gove
cashless society,2023-01-27,australian-financial-review,Travelex cash shows demand for foreign currency The Australian Financial Review,Travelex provided AFR Weekend with access to its cash vault amid intense security providing rare insight into logistics and operations abandoned by major banks
cashless society,2023-01-07,None,List of FREE Kindle Books From Amazon,Please Note The Free Status of the Books listed here can change at ANY TIME so please CHECK the price BEFORE you buy Sci Fiction Fantasy Crooked Chang
cashless society,2023-02-03,None,Nigeria CBN Authorises Over the Counter Payment of New Naira Notes,This Day The Governor of the Central Bank of Nigeria CBN Mr Godwin Emefiele yesterday directed deposit money banks DMBs to commence payment of the redesigned naira notes over the counter subject to a maximum daily payout limit of N20 000
cashless society,2023-02-01,None,New naira racketeering EFCC to raid Lagos Kaduna P Harcourt currency hawkers,CBN bars multiple debit card withdrawals threatens stiffer sanctions Emefiele meets Reps orders banks to accept old notes after deadline Central bank stops old notes payout commotion persists at ATM points Indications have emerged that the Economic and
cashless society,2023-01-14,None,A Revolution in the Minds of the People,SNIP I make no bones about it I have a guttural revulsion to one world government types who seek to rule the world by turning domestic populations against themselves Divide and conquer is the only strategy they know and oppression disguised as altruis
cashless society,2023-02-06,None,The Malaysia BNPL Market is expected to contribute 3 0 Bn by 2027F owing to Entry of Global Players Partnerships and Changing Demographics Ken Research,GURUGRAM India Feb 6 2023 PRNewswire Malaysia BNPL Market is at growing stage and has a consolidated market with about 5 6 major players capturing large portion of the market Atome is the market leader The population of Malaysia is becoming more te
cashless society,2023-01-29,None,New naira CBN insists on Jan 31 Buhari snubs govs monarchs,The President Major General Muhammadu Buhari retd on Saturday reiterated his earlier position that there was no going back on the naira redesign project and ruled out the extension of the January 31 deadline for the old N1 000 N500 and N200 to cease fr
cashless society,2023-01-25,None,Tucker Carlson Clobbers Chicago Mayor Over Crime Hurting The Poorest People,Tucker Carlson criticized Democratic Mayor Lori Lightfoot of Chicago over crime Tuesday as a reporter described the effect on the poorest people
cashless society,2023-01-25,None,Cashless Society Big Banks Prepare to Launch Digital Wallet to Compete with Apple Pay and PayPal,All Global Research articles can be read in 51 languages by activating the Translate Website button below the author s name To receive Global Research s Daily Newsletter selected articles click here Follow us on Instagram and Twitter and subscribe to our
cashless society,2023-02-01,None,Defence gets Rs 5 94 lakh crore in Budget 2023 24 a jump of 13 PIB,The Armed Forces have to be battle ready to meet any eventuality Towards that end Non Salary reven
cashless society,2023-01-09,None,Latest Digital Banking Market Size to Surpass USD 19 2 Million with Growing CAGR of 14 80 by 2030 Emerging Trends Business Strategies Competitive Landscape and Regional Analysis,Global Digital Banking Market Size Share COVID 19 Impact Analysis By Type Credit Unions Cooperative Banks and Consumer Bank By Services Digital Payments and Digital Sales and Regional Forecasts 2022 2028 Global Digital Banking Market Size Share
cashless society,2023-02-05,None,The New Abnormal The Rise of the Biomedical Security State,In the video above I interview Dr Aaron Kheriaty author of The New Abnormal The Rise of the Biomedical Security State Kheriaty is a medical doctor and psychiatrist and worked as a professor in the School of Medicine at the University of California Irvi
cashless society,2023-02-06,None,Cashless society Not in Switzerland where people will vote to keeping banknotes and coins forever,Enough signatures have been acquired to put the issue of retaining traditional money to a national plebiscite under Switzerland s direct democracy
cashless society,2023-02-02,None,Global eCommerce Payments Market to Reach 612 1 Billion by 2030,The global economy is at a critical crossroads with a number of interlocking challenges and crises running in parallel The uncertainty around how Russia s war on Ukraine will play out this year and the war s role in creating global instability means that the
cashless society,2023-02-04,None,What Are CBDCs Here s What the Central Banks Have Planned,CBDC stands for Central Bank Digital Currency and these are digital versions of a country s currency We ve talked a lot here on the Organic Prepper about digital currencies and the dangers of a cashless society and if the WEF The post What Are CBDCs Her
cashless society,2023-01-26,breitbart-news,Nolte Democrat run Chicago Year to Date Crime Rate Up 97 Compared to 2021,Compared to the first 22 days of 2021 the major crime rate in Democrat run Chicago is already up 97 percent this year
cashless society,2023-01-18,None,Nigeria Cash Withdrawal Limit Banks Suspend Transactions Via Naira Credit Prepaid Cards,This Day Abuja In compliance with the Central Bank of Nigeria s CBN currency redesign and cash withdrawal policy that limited withdrawals across all channels to N500 000 weekly banks have suspended further cash disbursement via customers Naira Credit
cashless society,2023-02-01,None,Nigeria Naira Swap No Nigerian Will Lose Money Emefiele,Leadership Governor of Central Bank of Nigeria CBN Mr Godwin Emefiele has assured that no Nigerian would lose his or her money to the Naira swap policy of the government
cashless society,2023-02-07,businessday,Behold old notes are passing away,It is very likely that anyone who has lived long enough in Nigeria knows that any policy that is politically motivated will not work satisfactorily It is because most times politics as a profession in Nigeria operates on deception orchestrated by the political elites But let s think about the new Naira notes What kind of read more Behold old notes are passing away
cashless society,2023-02-06,thewillnigeria,Naira Redesign CUPP Backs CBN Threatens To Boycott Polls Over Plan To Extend Deadline,February 06 THEWILL The Conference of Nigerian Political Parties CUPP has expressed support for the February 10 deadline by the Central Bank of Nigeria CBN to phase out the old N1000 N500 and N200 notes CUPP is an association of over 14 registered political parties in Nigeria They declared their support on Monday at The post Naira Redesign CUPP Backs CBN Threatens To Boycott Polls Over Plan To Extend Deadline appeared first on THEWILL NEWS MEDIA
cashless society,2023-02-06,thisdaylive,Naira Scarcity Peter Obi Calls for Calm Appeals to Nigerians to Bear with FG CBN,Urges apex bank to expedite circulation of new currencies UBA GMD CBN banks addressing challenges associated with new naira disbursement Atiku alleges APC conniving with banks to hoard new N1000
cashless society,2023-02-06,thetidenewsonline,Monarch Hails Wike Over Landing Jetty Project Award,The Amanyanabo and Traditional Ruler of ancient Ele Kingdom in Ogu Bolo Local Government Area of Rivers State King Felix Tamunoseipiriala Okuru Apina VII has stated the gratefulness of his people to the State Governor Nyesom Wike He said the people of Ele community will continue to be grateful to the governor for graciously supporting their The post Monarch Hails Wike Over Landing Jetty Project Award appeared first on The Tide News Online
cashless society,2023-02-06,thetidenewsonline,Tai LGA Flags Off Construction Of Corpers Lodge,The Tai local Government Area has flagged off the construction of an eighth bedroom corpers lodge at Botem Community in Tai local Government Area The lodge according to the council Engineer is made up of four rooms for male and four for female Flagging off the project on behalf of the council Rivers State Commissioner The post Tai LGA Flags Off Construction Of Corpers Lodge appeared first on The Tide News Online
cashless society,2023-02-06,thetidenewsonline,Naira Redesign Ill Timed,The Rivers State Chapter of the Nigerian Computer Society NCS has described as ill timed the Naira redesign policy of the Federal Government The society also called for the establishment of a Ministry of Science And Technology in Rivers State Chairman of the Society Dr Legborsi Emmanuel said this at the quarterly general meeting of the The post Naira Redesign Ill Timed appeared first on The Tide News Online
cashless society,2023-02-06,thetidenewsonline,Treat Corps Members Matters As Top Priority Wike Tasks Traditional Rulers Others As Rivers Hosts 1615 Corps Members,Rivers State Governor Nyesom Ezenwo Wike has charged government functionaries traditional rulers security agencies and well meaning citizens of the State to treat Corps Members matters as a top priority Wike gave the charge recently during the Swearing In Ceremony of the 2023 Batch A Stream 1 Corps Members deployed to the State at the National Youth The post Treat Corps Members Matters As Top Priority Wike Tasks Traditional Rulers Others As Rivers Hosts 1615 Corps Members appeared first on The Tide News Online
cashless society,2023-02-06,thetidenewsonline,PDP Takes Campaign To Elele Alimini Emohua Campaign Train Visits Ward 9,In continuation of the ongoing Ward to Ward campaigns across the 14 political wards in Emohua Local Government Area LGA Chairman of Emohua LGA and Director General DG of the Peoples Democratic Party PDP Campaign Council in the LGA Dr Chidi Lloyd last Wednesday led the LGA campaign train to Elele Alimini community Ward 9 to The post PDP Takes Campaign To Elele Alimini Emohua Campaign Train Visits Ward 9 appeared first on The Tide News Online
cashless society,2023-02-06,guardian,The NASS CBN battle over redesigned naira,The brouhaha surrounding the redesign of the naira by the Central Bank of Nigeria CBN and the subsequent withdrawal of the old notes with the deadline originally set at January 31 2023 has been reverberating nationwide even before the end of 2022 The post The NASS CBN battle over redesigned naira appeared first on The Guardian Nigeria News Nigeria and World News
cashless society,2023-02-06,independentng,The Political Dimension Of The Naira Redesign,Nigerians are facing the re ality of scarcity of cash literally Banks are over whelmed by angry custom ers demanding money the ATMs are flooded with furious Nigerians strug gling to withdraw cash and some spend the whole day hoping to get a few Naira notes to pay bills POS op erators complain of a lack of money a few
